{"IcoMoonType":"selection","icons":[{"icon":{"paths":["M548 6.857v150.857h-89.714c-70.286 0-83.429 33.714-83.429 82.286v108h167.429l-22.286 169.143h-145.143v433.714h-174.857v-433.714h-145.714v-169.143h145.714v-124.571c0-144.571 88.571-223.429 217.714-223.429 61.714 0 114.857 4.571 130.286 6.857z"],"width":602.2582857142856,"attrs":[],"isMulticolor":false,"isMulticolor2":false,"tags":["facebook","facebook-f"],"defaultCode":61594,"grid":14},"attrs":[],"properties":{"name":"facebook, facebook-f","id":146,"order":39,"prevSize":28,"code":61594},"setIdx":4,"setId":2,"iconIdx":146},{"icon":{"paths":["M219.429 768c0 60.571-49.143 109.714-109.714 109.714s-109.714-49.143-109.714-109.714 49.143-109.714 109.714-109.714 109.714 49.143 109.714 109.714zM512 838.286c0.571 10.286-2.857 20-9.714 27.429-6.857 8-16.571 12-26.857 12h-77.143c-18.857 0-34.286-14.286-36-33.143-16.571-174.286-154.857-312.571-329.143-329.143-18.857-1.714-33.143-17.143-33.143-36v-77.143c0-10.286 4-20 12-26.857 6.286-6.286 15.429-9.714 24.571-9.714h2.857c121.714 9.714 236.571 62.857 322.857 149.714 86.857 86.286 140 201.143 149.714 322.857zM804.571 839.429c0.571 9.714-2.857 19.429-10.286 26.857-6.857 7.429-16 11.429-26.286 11.429h-81.714c-19.429 0-35.429-14.857-36.571-34.286-18.857-332-283.429-596.571-615.429-616-19.429-1.143-34.286-17.143-34.286-36v-81.714c0-10.286 4-19.429 11.429-26.286 6.857-6.857 16-10.286 25.143-10.286h1.714c200 10.286 388 94.286 529.714 236.571 142.286 141.714 226.286 329.714 236.571 529.714z"],"width":805.1565714285713,"attrs":[],"isMulticolor":false,"isMulticolor2":false,"tags":["feed","rss"],"defaultCode":61598,"grid":14},"attrs":[],"properties":{"name":"feed, rss","id":150,"order":38,"prevSize":28,"code":61598},"setIdx":4,"setId":2,"iconIdx":150},{"icon":{"paths":["M340 548.571c0 4.571-2.286 9.714-5.714 13.143l-266.286 266.286c-3.429 3.429-8.571 5.714-13.143 5.714s-9.714-2.286-13.143-5.714l-28.571-28.571c-3.429-3.429-5.714-8.571-5.714-13.143s2.286-9.714 5.714-13.143l224.571-224.571-224.571-224.571c-3.429-3.429-5.714-8.571-5.714-13.143s2.286-9.714 5.714-13.143l28.571-28.571c3.429-3.429 8.571-5.714 13.143-5.714s9.714 2.286 13.143 5.714l266.286 266.286c3.429 3.429 5.714 8.571 5.714 13.143zM559.429 548.571c0 4.571-2.286 9.714-5.714 13.143l-266.286 266.286c-3.429 3.429-8.571 5.714-13.143 5.714s-9.714-2.286-13.143-5.714l-28.571-28.571c-3.429-3.429-5.714-8.571-5.714-13.143s2.286-9.714 5.714-13.143l224.571-224.571-224.571-224.571c-3.429-3.429-5.714-8.571-5.714-13.143s2.286-9.714 5.714-13.143l28.571-28.571c3.429-3.429 8.571-5.714 13.143-5.714s9.714 2.286 13.143 5.714l266.286 266.286c3.429 3.429 5.714 8.571 5.714 13.143z"],"width":566.8571428571428,"attrs":[],"isMulticolor":false,"isMulticolor2":false,"tags":["angle-double-right"],"defaultCode":61697,"grid":14},"attrs":[],"properties":{"name":"angle-double-right","id":230,"order":40,"prevSize":28,"code":61697},"setIdx":4,"setId":2,"iconIdx":230},{"icon":{"paths":["M340 548.571c0 4.571-2.286 9.714-5.714 13.143l-266.286 266.286c-3.429 3.429-8.571 5.714-13.143 5.714s-9.714-2.286-13.143-5.714l-28.571-28.571c-3.429-3.429-5.714-8-5.714-13.143 0-4.571 2.286-9.714 5.714-13.143l224.571-224.571-224.571-224.571c-3.429-3.429-5.714-8.571-5.714-13.143s2.286-9.714 5.714-13.143l28.571-28.571c3.429-3.429 8.571-5.714 13.143-5.714s9.714 2.286 13.143 5.714l266.286 266.286c3.429 3.429 5.714 8.571 5.714 13.143z"],"width":347.4285714285714,"attrs":[],"isMulticolor":false,"isMulticolor2":false,"tags":["angle-right"],"defaultCode":61701,"grid":14},"attrs":[],"properties":{"name":"angle-right","id":234,"order":41,"prevSize":28,"code":61701},"setIdx":4,"setId":2,"iconIdx":234}],"height":1024,"metadata":{"name":"icomoon"},"preferences":{"showGlyphs":true,"showQuickUse":true,"showQuickUse2":true,"showSVGs":true,"fontPref":{"prefix":"icon-","metadata":{"fontFamily":"icomoon"},"metrics":{"emSize":1024,"baseline":6.25,"whitespace":50},"embed":false},"imagePref":{"prefix":"icon-","png":true,"useClassSelector":true,"color":0,"bgColor":16777215,"classSelector":".icon","name":"icomoon"},"historySize":50,"showCodes":true,"gridSize":16}}